{
  "model_type": "RandomForestRegressor",
  "model_name": "Random Forest",
  "feature_names": [
    "CAPE",
    "SRH",
    "Lapse_0_3km",
    "PWAT",
    "Temperature",
    "Dewpoint",
    "CAPE_3km",
    "Lapse_3_6km",
    "Surface_RH",
    "RH_700_500",
    "Storm_Motion",
    "Total_TVS_Peaks"
  ],
  "test_r2_score": 0.9015951757752518,
  "test_rmse": 11.05560573017212,
  "test_mae": 9.066349770338363,
  "cv_mean_r2": 0.8639288549319792,
  "cv_std_r2": 0.042027032022971124,
  "feature_importance": {
    "CAPE": 0.5484408874988248,
    "SRH": 0.33097295511334984,
    "Lapse_0_3km": 0.013694576359731932,
    "PWAT": 0.005269612187892666,
    "Temperature": 0.008191910261682383,
    "Dewpoint": 0.00975192085272334,
    "CAPE_3km": 0.012572380430189559,
    "Lapse_3_6km": 0.01145106656593937,
    "Surface_RH": 0.017438778306418386,
    "RH_700_500": 0.007624381868354326,
    "Storm_Motion": 0.017583647378527256,
    "Total_TVS_Peaks": 0.017007883176366204
  },
  "training_date": "2026-01-09T16:23:28.327789",
  "model_version": "4.0",
  "all_models_tested": [
    "Random Forest",
    "Gradient Boosting",
    "AdaBoost",
    "Ridge",
    "SVM",
    "Neural Network"
  ],
  "all_models_r2_scores": {
    "Random Forest": 0.9015951757752518,
    "Gradient Boosting": 0.8953732291535969,
    "AdaBoost": 0.8794083174167491,
    "Ridge": 0.8198135067351826,
    "SVM": 0.6304395199145293,
    "Neural Network": 0.17752017422558541
  }
}